{"cameraMode":{"drawMode":0,"name":"Shaded","section":"Shading Mode"},"sceneLighting":true,"audioPlay":false,"sceneViewState":{"showFog":true,"showMaterialUpdate":true,"showSkybox":true,"showFlares":true,"showImageEffects":true,"showParticleSystems":true},"in2DMode":false,"pivot":{"x":204.60537719726563,"y":-69.23147583007813,"z":-1299.036376953125},"rotation":{"x":-0.05380995571613312,"y":-0.9455009698867798,"z":0.24496597051620484,"w":-0.20772650837898255},"size":421.37066650390627,"orthographic":false}